concept_id_1	concept_id_2	relationship_id	valid_start_date	valid_end_date	invalid_reason
2	1	Is a	19700101	20991231	
3	2	Is a	19700101	20991231	
4	2	Is a	19700101	20991231	
5	1	Is a	19700101	20991231	
6	1	Is a	19700101	20991231	
8	7	Is a	19700101	20991231	
9	7	Is a	19700101	20991231	
10	7	Is a	19700101	20991231	
12	11	Is a	19700101	20991231	
13	11	Is a	19700101	20991231	
14	11	Is a	19700101	20991231	
15	11	Is a	19700101	20991231	
16	11	Is a	19700101	20991231	
17	11	Is a	19700101	20991231	
18	11	Is a	19700101	20991231	
