concept_id	concept_name	domain_id	vocabulary_id	concept_class_id	standard_concept	concept_code	valid_start_date	valid_end_date	invalid_reason
1	Type 2 diabetes mellitus	Condition	ICD10CM	ICD10CM code		E11	19700101	20991231	
2	Type 2 diabetes mellitus with kidney complications	Condition	ICD10CM	ICD10CM code		E11.2	19700101	20991231	
3	Type 2 diabetes mellitus with diabetic nephropathy	Condition	ICD10CM	ICD10CM code		E11.21	19700101	20991231	
4	Type 2 diabetes mellitus with diabetic chronic kidney disease	Condition	ICD10CM	ICD10CM code		E11.22	19700101	20991231	
5	Type 2 diabetes mellitus with ophthalmic complications	Condition	ICD10CM	ICD10CM code		E11.3	19700101	20991231	
6	Type 2 diabetes mellitus without complications	Condition	ICD10CM	ICD10CM code		E11.9	19700101	20991231	
7	Type 1 diabetes mellitus	Condition	ICD10CM	ICD10CM code		E10	19700101	20991231	
8	Type 1 diabetes mellitus with diabetic nephropathy	Condition	ICD10CM	ICD10CM code		E10.21	19700101	20991231	
9	Type 1 diabetes mellitus with diabetic chronic kidney disease	Condition	ICD10CM	ICD10CM code		E10.22	19700101	20991231	
10	Type 1 diabetes mellitus without complications	Condition	ICD10CM	ICD10CM code		E10.9	19700101	20991231	
11	Chronic kidney disease (CKD)	Condition	ICD10CM	ICD10CM code		N18	19700101	20991231	
12	Chronic kidney disease, stage 1	Condition	ICD10CM	ICD10CM code		N18.1	19700101	20991231	
13	Chronic kidney disease, stage 2 (mild)	Condition	ICD10CM	ICD10CM code		N18.2	19700101	20991231	
14	Chronic kidney disease, stage 3 (moderate)	Condition	ICD10CM	ICD10CM code		N18.3	19700101	20991231	
15	Chronic kidney disease, stage 4 (severe)	Condition	ICD10CM	ICD10CM code		N18.4	19700101	20991231	
16	Chronic kidney disease, stage 5	Condition	ICD10CM	ICD10CM code		N18.5	19700101	20991231	
17	End stage renal disease	Condition	ICD10CM	ICD10CM code		N18.6	19700101	20991231	
18	Chronic kidney disease, unspecified	Condition	ICD10CM	ICD10CM code		N18.9	19700101	20991231	
19	Essential (primary) hypertension	Condition	ICD10CM	ICD10CM code		I10	19700101	20991231	
20	Unspecified asthma, uncomplicated	Condition	ICD10CM	ICD10CM code		J45.909	19700101	20991231	
21	Atherosclerotic heart disease of native coronary artery without angina pectoris	Condition	ICD10CM	ICD10CM code		I25.10	19700101	20991231	
22	Major depressive disorder, single episode, unspecified	Condition	ICD10CM	ICD10CM code		F32.9	19700101	20991231	
